3M ,3M
ABB,ABB
ABBOTT,ABBOTT
ACC,ACC
ADANI ENTERPRISES,ADANI ENTERPRISES
ADANI PORT AND SEZ,ADANI PORT SPECIAL ECONO
ADANI TRANSMISSION,ADANI TRANSMISSION
ADITYA BIRLA FASHION RETAIL,ADITYA BIRLA FASHION RTL
AEGIS LOGISTICS,AEGIS LOGISTICS
AKZO NOBEL,AKZO NOBEL
ALLCARGO LOGISTICS,ALLCARGO LOGISTICS
AMARA RAJA BATTERIES,AMARA RAJA BATTERIES
AMBUJA CEMENTS,AMBUJA CEMENTS
APOLLO HOSPITALS,APOLLO HOSPITALS ENTERPRISES L
APOLLO TYRES,APOLLO TYRES
ARVIND ,ARVIND
ASAHI GLASS,ASAHI GLASS
ASIAN GRANITO,ASIAN GRANITO
ASIAN PAINTS ,ASIAN PAINTS
AUROBINDO PHARMA,AUROBINDO PHARMA
AVANTI FEEDS,AVANTI FEEDS
AVENUE SUPERMARTS,AVENUE SUPERMARTS DMART
AXIS BANK ,AXIS BANK
BAJAJ AUTO ,BAJAJ AUTO
BAJAJ FINANCE,BAJAJ FINANCE
BAJAJ FINSERV,BAJAJ FINSERV
BAJAJ HOLDINGS INVESTMENT,BAJAJ HOLDINGS INVESTMENT LI
BALKRISHNA INDUSTRIES,BALKRISHNA INDUSTRIES
BALRAMPUR CHINNI MILLS,BALRAMPUR CHINI MILLS
BANDHAN BANK,BANDHAN BANK
BANK BARODA,BANKBARODA
BASF,BASF
BATA,BATA
BAYER CROPSCIENCE,BAYER CROPSCIENCE
BERGER PAINTS,BERGER PAINTS
BHARAT DYNAMICS,BHARAT DYNAMICS
BHARAT ELECTRONICS,BHARAT ELECTRONICS
BHARAT HEAVY ELECTRICALS,BHARAT HEAVY ELECTRICALS
BHARAT PETROLEUM,BHARAT PETROLEUM
BHARTI AIRTEL,BHARTI AIRTEL
BHARTI INFRATEL,BHARTI INFRATEL
BIOCON,BIOCON
BLUE DART EXPRESS,BLUE DART EXPRESS
BLUE STAR,BLUE STAR
BOSCH,BOSCH
BRIGADE ENTERPRISES,BRIGADE ENTERPRISES
BRITANNIA INDUSTRIES,BRITANNIA INDUSTRIES
BSE,BSE
CADILA HEALTHCARE,CADILA HEALTHCARE
CARBORUNDUM UNIVERSAL,CARBORUNDUM UNIVERSAL
CARE RATINGS,CARE RATINGS
CASTROL,CASTROL
CEAT ,CEAT
CENTRAL DEPOSITORY,CENTRAL DEPOSITORY SER IND
CENTURY PLYBOARDS,CENTURY PLYBOARDS
CERA SANITARYWARE,CERA SANITARYWARE
CHAMBAL FERTILIZERS,CHAMBAL FERTILISERS CHEMICAL
CHOLAMANDALAM INVESTMENT FINANCE,CHOLAMANDALAM INVESTMENT F
CIPLA,CIPLA
COAL,COAL
COFFEE DAY ENTERPRISES,COFFEE DAY ENTERPRISES
COLGATE-PALMOLIVE ,COLGATE PALMOLIVE
CONTAINER CORPORATION,CONTAINER CORPORATION
COROMANDEL INTERNATIONAL,COROMANDEL INTERNATIONAL LIMIT
COX KINGS,COX KINGS
CRISIL,CRISIL
CROMPTON GREAVES CONSUMER,CROMPTON GREAVES CONS ELEC
CUMMINS,CUMMINS
DABUR ,DABUR
DEWAN HOUSING FINANCE,DEWAN HOUSING FINANCE  L
DISH TV,DISH TV
DLF,DLF
DR REDDY'S LAB,DR LAL PATHLABS
DR. LAL PATHLABS,DR REDDYS LABORATORIES
EICHER MOTORS,EICHERMOT
EID PARRY,EID PARRY
EIH,EIH
EMAMI,EMAMI
ENDURANCE,ENDURANCE TECHNOLOGIES
ENGINEERS,ENGINEERS
ESSEL PROPACK,ESSEL PROPACK
EVEREADY INDUSTRIES,EVEREADY INDUSTRIES
EXIDE INDUSTRIES,EXIDE INDUSTRIES
FORTIS HEALTHCARE,FORTIS HEALTHCARE
FUTURE CONSUMER,FUTURE CONSUMER
FUTURE LIFESTYLE FASHIONS,FUTURE LIFESTYLE FASHIONS
FUTURE RETAIL,FUTURE RETAIL
FUTURE SUPPLY CHAIN SOLUTION,FUTURE SUPPLY CHAIN SOL
GAIL,GAIL
GIC RE,GENERAL INSURANCE CORP
GILLETTE,GILLETTE
GLAXOSMITHKLINE CONSUMER,GLAXOSMITHKLINE CONSUMER HEALT
GLAXOSMITHKLINE PHARMACEUTICAL,GLAXOSMITHKLINE PHARMACEUTICAL
GLENMARK PHARMACEUTICALS,GLENMARK PHARMACEUTICALS
GODFREY PHILLIPS,GODFREY PHILLIPS
GODREJ AGROVET,GODREJ AGROVET
GODREJ CONSUMER PRODUCTS,GODREJ CONSUMER PRODUCTS
GODREJ INDUSTRIES,GODREJ INDUSTRIES
GODREJ PROPERTIES,GODREJ PROPERTIES
GRASIM,GRASIM INDUSTRIES
GREENLAM INDUSTRIES,GREENLAM INDUSTRIES
GREENPLY INDUSTRIES,GREENPLY INDUSTRIES
GRINDWELL NORTON,GRINDWELL NORTON
HATSUN AGRO,HATSUN AGRO PRODUCTS
HAVELLS,HAVELLS
HCL TECHNOLOGIES,HCL TECHNOLOGIES
HDFC AMC,HDFC ASSET MANAGEMENT CO
HDFC BANK,HDFC BANK
HDFC LIFE,HDFC STANDARD LIFE INS CO
HERO MOTOCORP,HERO MOTOCORP
HINDALCO,HINDALCO INDUSTRIES
HINDUSTAN AERONAUTICS,HINDUSTAN AERONAUTICS
HINDUSTAN PETROLEUM,HINDUSTAN PETROLEUM CORP
HINDUSTAN UNILEVER,HINDUSTAN UNILEVER
HINDUSTAN ZINC,HINDUSTAN ZINC
HONEYWELL AUTOMATION,HONAUT
HOUSING DEVELOPMENT FINANCE,HOUSING DEVELOPMENT FINANCE CO
HOUSING URBAN DEV,HOUSING URBAN DEV CO HUDCO
HSIL ,HSIL
HUHTAMAKI PPL,HUHTAMAKI PPL
ICICI BANK,ICICI BANK
ICICI LOMBARD GEN,ICICI LOMBARD GEN INSURANCE CO
ICICI PRUDENTIAL LIFE,ICICI PRUDENTIAL LIFE INS CO
ICICI SECURITIES,ICICI SECURITIES ISEC
ICRA,ICRA
IFB INDUSTRIES,IFB INDUSTRIES
IIFL HOLDINGS,IIFL HOLDINGS
INDIABULLS HOUSING FINANCE,INDIABULLS HOUSING FINANCE
INDIAN HOTELS,INDIAN HOTELS CO
INDRAPRASATH GAS,INDIAN OIL CORPORATION
INDUSIND BANK,INDRAPRASHTHA GAS
INFO EDGE,INDUSIND BANK
INFOSYS,INFO EDGE
INTERGLOBE AVIATION,INFOSYS
IOCL,INTERGLOBE AVIATION
ITC,ITC
JAIN IRRIGATION SYSTEMS,JAIN IRRIGATION SYSTEMS
JK TYRE,JK TYRE INDUSTRIES
JOHNSON CONTROL,JOHNSON CONTROLS HITACHI AIR I
JSW STEEL,JSW STEEL
JUBILANT FOODWORKS,JUBILANT FOODWORKS
KAJARIA CERAMICS,KAJARIA CERAMICS
KANSAI NEROLAC,KANSAI NEROLAC PAINTS
KAVERI SEED,KAVERI SEED COMPANY
KOTAK MAHINDRA BANK,KOTAK MAHINDRA BANK
KRBL,KRBL
KSB PUMPS,KSB PUMPS
LT FINANCE HOLDINGS,L&T TECHNOLOGIES
LT TECHNOLOGIES,LARSEN TOUBRO
LARSEN TOUBRO INFOTECH,LARSEN TOUBRO INFOTECH
LARSEN AND TOUBRO,LIC HOUSING FINANCE
LIC HOUSING FINANCE,LT FINANCE HOLDINGS
LUPIN ,LUPIN
MAHINDRA MAHINDRA,MAHINDRA CIE AUTOMOTIVE
MAHINDRA MAHINDRA FINANCE,MAHINDRA HOLIDAYS RESORTS IN
MAHINDRA CIE AUTOMOTIVE,MAHINDRA LOGISTICS
MAHINDRA HOLIDAYS,MAHINDRA MAHINDRA
MAHINDRA LOGISTICS,MAHINDRA MAHINDRA FINANCIAL
MANNAPURAM FINANCE,MANAPPURAM FINANCE
MARICO,MARICO
MARUTI SUZUKI,MARUTI SUZUKI
MONSANTO,MONSANTO
MOTHERSON SUMI,MOTHERSON SUMI SYSTEMS
MRF,MRF
MULTI COMMODITY EXCHANGE,MULTI COMMODITY EXCHANGE
MUTHOOT FINANCE ,MUTHOOT FINANCE
NARAYANA HRUDAYALAYA,NARAYANA HRUDAYALAYA
NATIONAL ALUMINIUM,NATIONAL ALUMINIUM CO
NBCC,NBCC
NCC,NCC
NESTLE,NESTLE
NEW ASSURANCE,NHPC
NHPC,NILKAMAL
NILKAMAL,NLC
NLC,NMDC
NMDC,NTPC
NTPC ,OIL
OIL NATURAL GAS ,OIL NATURAL GAS CORPORATIO
OIL,P I INDUSTRIES
PAGE INDUSTRIES,PAGEIND
PC JEWELLER,PC JEWELLER
PETRONET LNG,PETRONET LNG
PFIZER,PFIZER
PI INDUSTRIES,PIDILITE INDUSTRIES
PIDILITE INDUSTRIES,PIRAMAL ENTERPRISES
PIRAMAL ENTERPRISES,POWER FINANCE CORPORATION
POWER FINANCE,POWER GRID CORPORATIONINDI
POWER GRID CORPORATION,PRESTIGE ESTATES PROJECTS LIMI
PRESTIGE ESTATES,PROCTER GAMBLE HYGIENE HEA
PROCTER GAMBLE,PURAVANKARA
PURAVANKARA,PVR
PVR ,QUESS CORP
QUESS CORP,RAJESH EXPORTS
RAJESH EXPORTS,RALLIS
RALLIS,RELAXO FOOTWEARS
RELAXO FOOTWEARS,RELIANCE INDUSTRIES
RELIANCE INDUSTRIES,RURAL ELECTRIFICATION CORPORAT
RURAL ELECTRIFICATION,SANOFI
SANOFI,SBI LIFE INSURANCE COMPANY
SBI LIFE,SCHAEFFLER
SCHAEFFLER,SHEELA FOAM
SHEELA FOAM,SHIPPING CORP LT
SHIPPING CORP OF,SHOPPERS STOP
SHOPPERS STOP,SHREE RENUKA SUGARS
SHREE CEMENTS,SHREECEM
SHREE RENUKA SUGARS,SHRIRAM TRANSPORT FINANCE CO
SHRIRAM TRANSPORT FINANCE,SIEMENS
SIEMENS,SKF
SKF,SOBHA
SOBHA,SOMANY CERAMICS
SOMANY CERAMICS,STATE BANK
STATE BANK OF,SUN PHARMACEUTICAL INDUSTRIES
SUN PHARMACEUTICAL,SUNDARAM FINANCE
SUNDARAM FINANCE,SUPREME INDUSTRIES
SUPREME INDUSTRIES,TALWALKARS BETTER VALUE FITNES
TALWALKARS BETTER VALUE,TALWALKARS LIFESTYLES
TALWALKARS LIFESTYLE,TATA CHEMICALS
TATA CHEMICALS,TATA COFFEE
TATA COFFEE,TATA CONSULTANCY SERVICES
TATA GLOBAL BEVERAGES,TATA GLOBAL BEVERAGES
TATA INVESTMENT,TATA INVESTMENT CORPORATION LT
TATA MOTORS,TATA MOTORS
TATA POWER CO,TATA POWER CO
TATA STEEL,TATA STEEL
TCS,TECH MAHINDRA
TECH MAHINDRA,THE NEW ASSURANCE CO
THOMAS COOK,THOMAS COOK
TI FINANCIAL HOLDINGS,TI FINANCIAL HOLDINGS
TITAN COMPANY,TITAN COMPANY
TRENT ,TRENT
TTK PRESTIGE,TTK PRESTIGE
TUBE INVESTMENT OF,TUBE INVESTMENTS
TVS MOTOR COMPANY,TVS MOTOR COMPANY
UFLEX,UFLEX
ULTRATECH CEMENT,ULTRATECH CEMENT
UNITED BREWERIES,UNITED BREWERIES
UNITED SPIRITS,UNITED SPIRITS
UPL ,UPL
V-GUARD INDUSTRIES,V GUARD INDUSTRIES
VARUN BEVERAGES,VARUN BEVERAGES
VEDANTA,VEDANTA
VENKYS,VENKYS
VIP INDUSTRIES,VIP INDUSTRIES
VODAFONE IDEA,VODAFONE IDEA
VOLTAS ,VOLTAS
VRL LOGISTICS,VRL LOGISTICS
VST INDUSTRIES,VST INDUSTRIES
VST TILLERS TRACTORS,VSTTILLERS TRACTORS
WABCO,WABCO
WESTLIFE DEVELOPMENT,WESTLIFE DEVELOPMENT
WHIRLPOOL OF,WHIRLPOOL
WIPRO,WIPRO
WONDERLA RESORTS,WONDERLA HOLIDAYS
ZEE ENTERTAINMENT,ZEE ENTERTAINMENT ENTERPRISES
ZEE LEARN,ZEE LEARN
