3M INDIA LIMITED					      |	ABB INDIA LIMITED
ABB INDIA						      |	ABBOTT INDIA LIMITED
ABBOTT INDIA						      |	ACC LIMITED
ACC							      |	ADANI ENTERPRISES LIMITED
ADANI ENTERPRISES					      |	ADANI PORT AND SPECIAL ECONO
ADANI PORT AND SEZ					      |	ADANI TRANSMISSION LIMITED
ADITYA BIRLA FASHION & Retail				      |	ADITYA BIRLA FASHION & RTL LTD
AKZO NOBEL INDIA					      |	AEGIS LOGISTICS LTD
AMARA RAJA BATTERIES					      |	AKZO NOBEL INDIA LIMITED
AMBUJA CEMENTS						      |	ALLCARGO LOGISTICS LTD
APOLLO HOSPITALS					      |	AMARA RAJA BATTERIES LTD
APOLLO TYRES						      |	AMBUJA CEMENTS LTD
ARVIND Limited						      |	APOLLO HOSPITALS ENTERPRISES L
ASAHI INDIA GLASS					      |	APOLLO TYRES LTD
							      >	ARVIND LIMITED
							      >	ASAHI INDIA GLASS LIMITED
							      >	ASIAN GRANITO INDIA LIMITED
ASIAN PAINTS INDIA LTD						ASIAN PAINTS INDIA LTD
AUROBINDO PHARMA					      |	AUROBINDO PHARMA LTD
AVANTI FEEDS						      |	AVANTI FEEDS LTD
							      >	AVENUE SUPERMARTS LTD DMART
AXIS BANK LIMITED						AXIS BANK LIMITED
Adani Transmission					      <
Aegis Logistics						      <
AllCargo Logistics					      <
Asian Granito						      <
Avenue Supermarts					      <
BAJAJ AUTO LIMITED						BAJAJ AUTO LIMITED
BAJAJ FINSERV						      |	BAJAJ FINSERV LIMITED
BALKRISHNA INDUSTRIES					      |	BAJAJ FINANCE LIMITED
BASF INDIA						      |	BAJAJ HOLDINGS & INVESTMENT LI
BATA INDIA						      |	BALRAMPUR CHINI MILLS LTD
BAYER CROPSCIENCE					      |	BALKRISHNA INDUSTRIES LTD
BERGER PAINTS						      |	BANDHAN BANK LIMITED
BHARAT ELECTRONICS					      |	BANK OF BARODA
BHARAT HEAVY ELECTRICALS				      |	BASF INDIA LIMITED
BHARTI AIRTEL						      |	BATA INDIA LIMITED
BHARTI INFRATEL						      |	BAYER CROPSCIENCE LIMITED
BIOCON							      |	BERGER PAINTS INDIA LTD
BLUE DART EXPRESS					      |	BHARTI AIRTEL LTD
BLUE STAR						      |	BHARAT DYNAMICS LIMITED
BOSCH							      |	BHARAT ELECTRONICS LTD
BPCL							      |	BHARTI INFRATEL LIMITED
BRIGADE ENTERPRISES					      |	BHARAT PETROLEUM CORPN LTD
BRITANNIA INDUSTRIES					      |	BHARAT HEAVY ELECTRICALS LTD
BSE							      |	BIOCON LIMITED
Bajaj Finance						      |	BLUE DART EXPRESS LTD
Bajaj Holdings & Investment				      |	BLUE STAR LTD
Balrampur Chinni Mills					      |	BRIGADE ENTERPRISES LIMITED
Bandhan Bank						      |	BRITANNIA INDUSTRIES LTD
Bank of Baroda						      |	BSE LIMITED
Bharat Dynamics						      |	CADILA HEALTHCARE LIMITED
CADILA HEALTHCARE					      |	CARE RATINGS LIMITED
CARE RATINGS						      |	CARBORUNDUM UNIVERSAL LTD
CASTROL INDIA						      |	CASTROL INDIA LIMITED
CDSL							      |	CENTRAL DEPOSITORY SER IND LTD
CEAT LIMITED							CEAT LIMITED
CENTURY PLYBOARDS					      |	CENTURY PLYBOARDS (INDIA) LTD
CERA SANITARYWARE					      |	CERA SANITARYWARE LIMITED
CHAMBAL FERTILIZERS					      |	CHAMBAL FERTILISERS & CHEMICAL
CIPLA							      |	CHOLAMANDALAM INVESTMENT AND F
COAL INDIA						      |	CIPLA LIMITED
COFFEE DAY ENTERPRISES					      |	COX & KINGS LIMITED
COLGATE-PALMOLIVE 					      |	COAL INDIA LIMITED
CONTAINER CORPORATION					      |	COFFEE DAY ENTERPRISES LTD
COROMANDEL INTERNATIONAL				      |	COLGATE-PALMOLIVE (INDIA) LTD
COX & KINGS						      |	CONTAINER CORPORATION OF INDIA
CRISIL							      |	COROMANDEL INTERNATIONAL LIMIT
CUMMINS INDIA						      |	CRISIL LIMITED
Carborundum Universal					      |	CROMPTON GREAVES CONS ELEC LTD
Cholamandalam Investment & Finance			      |	CUMMINS INDIA LTD
Crompton Greaves Consumer				      <
DABUR INDIA LTD							DABUR INDIA LTD
DISH TV							      |	DEWAN HOUSING FINANCE CORPN L
DLF							      |	DISH TV INDIA LIMITED
DR REDDY'S LAB						      |	DLF LIMITED
DR. LAL PATHLABS					      |	DR. LAL PATHLABS LIMITED
Dewan Housing Finance					      |	DR REDDYS LABORATORIES LTD
EICHER MOTORS						      |	EID PARRY (INDIA) LTD
EID PARRY						      |	EIH LIMITED
EIH							      |	EMAMI LIMITED
EMAMI							      |	ENDURANCE TECHNOLOGIES LIMITED
ENGINEERS INDIA						      |	ENGINEERS INDIA LTD
ESSEL PROPACK						      |	ESSEL PROPACK LIMITED
EVEREADY INDUSTRIES					      |	EVEREADY INDUSTRIES INDIA LTD
EXIDE INDUSTRIES					      |	EXIDE INDUSTRIES LTD
Endurance						      |	SCHAEFFLER INDIA LIMITED
FORTIS HEALTHCARE					      |	FORTIS HEALTHCARE LIMITED
FUTURE LIFESTYLE FASHIONS				      |	FUTURE LIFESTYLE FASHIONS LTD
FUTURE RETAIL						      |	FUTURE RETAIL LIMITED
Future Consumer						      |	FUTURE SUPPLY CHAIN SOL LTD
Future Supply Chain Solution				      |	FUTURE CONSUMER LIMITED
GAIL							      |	GAIL (INDIA) LIMITED
GIC Re							      |	GENERAL INSURANCE CORP INDIA
GILLETTE INDIA						      |	GILLETTE INDIA LTD
GLAXOSMITHKLINE CONSUMER HEALT					GLAXOSMITHKLINE CONSUMER HEALT
GLENMARK PHARMACEUTICALS				      |	GLAXOSMITHKLINE PHARMACEUTICAL
GODREJ CONSUMER PRODUCTS				      |	GLENMARK PHARMACEUTICALS LTD
GODREJ INDUSTRIES					      |	GODREJ AGROVET LIMITED
GODREJ PROPERTIES					      |	GODREJ CONSUMER PRODUCTS LTD
GRASIM							      |	GODREJ INDUSTRIES LIMITED
GREENLAM INDUSTRIES					      |	GODFREY PHILLIPS INDIA LIMITED
GSK Pharma						      |	GODREJ PROPERTIES LIMITED
Godrej AgroVet						      |	GRASIM INDUSTRIES LIMITED
Grindwell Norton					      |	GREENLAM INDUSTRIES LIMITED
HAL							      |	GREENPLY INDUSTRIES LIMITED
HAVELLS INDIA						      |	GRINDWELL NORTON LTD
HCL TECHNOLOGIES					      |	HATSUN AGRO PRODUCTS LTD
HDFC							      |	HAVELLS INDIA LIMITED
HDFC AMC						      |	HCL TECHNOLOGIES LIMITED
HDFC BANK						      |	HDFC ASSET MANAGEMENT CO LTD
HDFC LIFE						      |	HDFC BANK LIMITED
HERO MOTOCORP						      |	HOUSING DEVELOPMENT FINANCE CO
HINDALCO						      |	HDFC STANDARD LIFE INS CO LTD
HINDUSTAN UNILEVER					      |	HERO MOTOCORP LIMITED
HINDUSTAN ZINC						      |	HINDUSTAN AERONAUTICS LIMITED
HONEYWELL AUTOMATION					      |	HINDALCO INDUSTRIES LIMITED
HPCL							      |	HINDUSTAN UNILEVER LIMITED
							      >	HINDUSTAN PETROLEUM CORP
							      >	HINDUSTAN ZINC LTD
							      >	JOHNSON CONTROLS HITACHI AIR I
HSIL LIMITED							HSIL LIMITED
HUDCO							      |	HOUSING URBAN DEV CO LTD HUDCO
Hatsun Agro						      |	HUHTAMAKI PPL LIMITED
Huhtamaki PPL						      |	ICICI BANK LIMITED
ICICI BANK						      |	ICICI LOMBARD GEN INSURANCE CO
ICICI LOMBARD GEN					      |	ICICI PRUDENTIAL LIFE INS CO
ICICI PRUDENTIAL LIFE					      |	ICICI SECURITIES LTD ISEC
ICICI Securities					      |	ICRA LIMITED
ICRA							      |	VODAFONE IDEA LIMITED
IFB Industries						      |	IFB INDUSTRIES LIMITED
IIFL Holdings						      |	IIFL HOLDINGS LIMITED
INDIABULLS HOUSING FINANCE				      |	INDUSIND BANK LIMITED
INDIAN HOTELS						      |	INDRAPRASHTHA GAS LTD
INFO EDGE						      |	INDIABULLS HOUSING FINANCE LTD
INFOSYS							      |	INDIAN HOTELS CO LTD
INTERGLOBE AVIATION					      |	INDIAN OIL CORPORATION LIMITED
IOCL							      |	INFO EDGE (INDIA) LIMITED
ITC							      |	INFOSYS LTD
Indraprasath Gas					      |	INTERGLOBE AVIATION LIMITED
IndusInd Bank						      |	ITC LIMITED
JAIN IRRIGATION SYSTEMS					      |	JAIN IRRIGATION SYSTEMS LTD
JK TYRE							      |	JK TYRE AND INDUSTRIES LIMITED
JSW STEEL						      |	JSW STEEL LIMITED
JUBILANT FOODWORKS					      |	JUBILANT FOODWORKS LIMITED
Johnson Control						      |	KAJARIA CERAMICS LTD
KAJARIA CERAMICS					      |	KANSAI NEROLAC PAINTS
KANSAI NEROLAC						      |	KAVERI SEED COMPANY LTD
KOTAK MAHINDRA BANK					      |	KOTAK MAHINDRA BANK LTD
KRBL							      |	KRBL LIMITED
KSB PUMPS						      |	KSB PUMPS LIMITED
L&T Finance Holdings					      |	LARSEN AND TOUBRO LIMITED
LARSEN AND TOUBRO					      |	LIC HOUSING FINANCE LIMITED
LIC HOUSING FINANCE					      |	LT FINANCE HOLDINGS LIMITED
LTI							      |	LARSEN & TOUBRO INFOTECH LTD
LTTS							      |	L&T TECHNOLOGIES LIMITED
LUPIN LIMITED							LUPIN LIMITED
MAHINDRA & MAHINDRA					      |	MAHINDRA CIE AUTOMOTIVE LTD
MAHINDRA & MAHINDRA FINANCE				      |	MAHINDRA & MAHINDRA FINANCIAL
MAHINDRA HOLIDAYS					      |	MAHINDRA HOLIDAYS & RESORTS IN
MARICO							      |	MAHINDRA LOGISTICS LIMITED
MARUTI SUZUKI						      |	MAHINDRA & MAHINDRA LIMITED
MCX							      |	MANAPPURAM FINANCE LIMITED
MONSANTO INDIA						      |	MARICO LIMITED
MOTHERSON SUMI						      |	MARUTI SUZUKI INDIA LTD
MRF							      |	MULTI COMMODITY EXCHANGE
							      >	MONSANTO INDIA LIMITED
							      >	MOTHERSON SUMI SYSTEMS LIMITED
MUTHOOT FINANCE LIMITED						MUTHOOT FINANCE LIMITED
Mahindra CIE Automotive					      |	NCC LIMITED
Mahindra Logistics					      |	NARAYANA HRUDAYALAYA LIMITED
Mannapuram Finance					      |	NATIONAL ALUMINIUM CO LTD
NARAYANA HRUDAYALAYA					      |	NMDC LIMITED
NATIONAL ALUMINIUM					      |	NBCC (INDIA) LIMITED
NBCC							      |	NESTLE INDIA LIMITED
NCC							      |	THE NEW INDIA ASSURANCE CO LTD
NESTLE INDIA						      |	NLC INDIA LIMITED
NEW INDIA ASSURANCE					      |	NHPC LIMITED
NHPC							      |	NILKAMAL LIMITED
NILKAMAL						      <
NLC							      <
NMDC							      <
NTPC LIMITED							NTPC LIMITED
OIL INDIA						      |	OIL INDIA LIMITED
ONGC							      |	OIL AND NATURAL GAS CORPORATIO
PAGE INDUSTRIES						      |	PC JEWELLER LIMITED
PC JEWELLER						      |	PETRONET LNG LIMITED
PETRONET LNG						      |	PFIZER LTD
PFC							      |	PIDILITE INDUSTRIES LTD
PFIZER							      |	P I INDUSTRIES LTD
PI INDUSTRIES						      |	PIRAMAL ENTERPRISES LIMITED
PIDILITE INDUSTRIES					      |	POWER FINANCE CORPORATION LTD
PIRAMAL ENTERPRISES					      |	POWER GRID CORPORATION OF INDI
POWER GRID CORPORATION					      |	PRESTIGE ESTATES PROJECTS LIMI
PRESTIGE ESTATES					      |	PROCTER & GAMBLE HYGIENE & HEA
PROCTER & GAMBLE					      |	PURAVANKARA LIMITED
PURAVANKARA						      <
PVR LIMITED							PVR LIMITED
QUESS Corp						      |	QUESS CORP LIMITED
RAJESH EXPORTS						      |	RAJESH EXPORTS LIMITED
RALLIS INDIA						      |	RALLIS INDIA LTD
REC							      |	RELAXO FOOTWEARS LIMITED
RELAXO FOOTWEARS					      <
RELIANCE INDUSTRIES						RELIANCE INDUSTRIES
SANOFI INDIA						      |	SHREE RENUKA SUGARS LTD
SBI LIFE						      |	RURAL ELECTRIFICATION CORPORAT
SHEELA FOAM						      |	SANOFI INDIA LTD
SHIPPING CORP OF INDIA					      |	SBI LIFE INSURANCE COMPANY LTD
SHOPPERS STOP						      |	SHIPPING CORP OF INDIA LT
SHREE CEMENTS						      |	SHEELA FOAM LIMITED
SHRIRAM TRANSPORT FINANCE				      |	SHOPPERS STOP LIMITED
SIEMENS							      |	SHRIRAM TRANSPORT FINANCE CO
SKF INDIA						      |	SIEMENS LTD
SOBHA							      |	SKF INDIA LIMITED
SOMANY CERAMICS						      |	SOBHA LIMITED
							      >	SOMANY CERAMICS LIMITED
STATE BANK OF INDIA						STATE BANK OF INDIA
SUN PHARMACEUTICAL					      |	SUNDARAM FINANCE LTD
SUPREME INDUSTRIES					      |	SUN PHARMACEUTICAL INDUSTRIES
Schaffler						      |	SUPREME INDUSTRIES LTD
Shree Renuka Sugars					      |	TALWALKARS LIFESTYLES LIMITED
Sundaram Finance					      |	TALWALKARS BETTER VALUE FITNES
TALWALKARS BETTER VALUE					      |	TATA CHEMICALS LTD
TALWALKARS Lifestyle					      |	TATA COFFEE LTD
TATA CHEMICALS						      |	TATA GLOBAL BEVERAGES LIMITED
TATA COFFEE						      |	TATA INVESTMENT CORPORATION LT
TATA GLOBAL BEVERAGES					      |	TATA MOTORS LIMITED
TATA MOTORS						      |	TATA POWER CO LTD
TATA POWER CO						      |	TATA STEEL LIMITED
TATA STEEL						      |	TATA CONSULTANCY SERVICES LTD
TCS							      |	TECH MAHINDRA LIMITED
TECH MAHINDRA						      |	THOMAS COOK (INDIA) LTD
THOMAS COOK						      |	TITAN COMPANY LIMITED
TITAN COMPANY						      |	TRENT LTD (LAKME LTD)
TRENT LTD						      |	TTK PRESTIGE LTD
TTK PRESTIGE						      |	TUBE INVESTMENTS OF INDIA LTD
TVS MOTOR COMPANY					      |	TI FINANCIAL HOLDINGS LIMITED
Tata Investment						      |	TVS MOTOR COMPANY LIMITED
Tube Investment Financial Holdings			      |	UFLEX LIMITED
Tube investment of India				      |	ULTRATECH CEMENT LIMITED
UFLEX							      |	UNITED BREWERIES LTD
ULTRATECH CEMENT					      <
UNITED BREWERIES					      <
UNITED SPIRITS						      <
UPL LIMITED							UPL LIMITED
V-Guard Industries					      |	UNITED SPIRITS LIMITED
VARUN BEVERAGES						      |	VARUN BEVERAGES LIMITED
VEDANTA							      |	VEDANTA LIMITED
VENKYS INDIA						      |	VENKYS INDIA LIMITED
VIP INDUSTRIES						      |	V-GUARD INDUSTRIES LIMITED
							      >	VIP INDUSTRIES LTD
VOLTAS LTD							VOLTAS LTD
VRL LOGISTICS						      |	VRL LOGISTICS LIMITED
VST TILLERS TRACTORS					      |	VST INDUSTRIES LTD
Vodafone Idea						      |	VSTTILLERS TRACTORS LTD
WABCO							      |	WABCO INDIA LIMITED
WESTLIFE DEVELOPMENT					      |	WESTLIFE DEVELOPMENT LTD
WHIRLPOOL OF India					      |	WHIRLPOOL OF INDIA LTD
WIPRO							      |	WIPRO LTD
Wonderla Resorts					      |	WONDERLA HOLIDAYS LTD
ZEE ENTERTAINMENT					      |	ZEE ENTERTAINMENT ENTERPRISES
ZEE LEARN						      |	ZEE LEARN LIMITED
